BEGIN TRANSACTION;
CREATE TABLE estimations (id integer primary key autoincrement, task_id integer, complexity_symbol text, unit integer DEFAULT 1, unit_value integer );
CREATE TABLE sqlite_sequence(name,seq);
INSERT INTO sqlite_sequence VALUES('tasks',2);
INSERT INTO sqlite_sequence VALUES('users',4);
INSERT INTO sqlite_sequence VALUES('task_team',4);
INSERT INTO sqlite_sequence VALUES('stories',3);
CREATE TABLE stories ( id integer primary key autoincrement, task_id integer, name text, description text, consensus integer DEFAULT -1,iteration integer DEFAULT 0);
INSERT INTO stories VALUES(1,1,'Planning Poker','Lorem ipsum dolor sit amet, consectetur adipisicing elit, sed do eiusmod tempor incididunt ut labore et dolore magna aliqua. Ut enim ad minim veniam, quis nostrud exercitation ullamco laboris nisi ut aliquip ex ea commodo consequat. Duis aute irure dolor in reprehenderit in voluptate velit esse cillum dolore eu fugiat nulla pariatur. Excepteur sint occaecat cupidatat non proident, sunt in culpa qui officia deserunt mollit anim id est laborum.',-1,0);
INSERT INTO stories VALUES(2,1,'Manual','Lorem ipsum dolor sit amet, consectetur adipisicing elit, sed do eiusmod tempor incididunt ut labore et dolore magna aliqua. Ut enim ad minim veniam, quis nostrud exercitation ullamco laboris nisi ut aliquip ex ea commodo consequat. Duis aute irure dolor in reprehenderit in voluptate velit esse cillum dolore eu fugiat nulla pariatur. Excepteur sint occaecat cupidatat non proident, sunt in culpa qui officia deserunt mollit anim id est laborum.',-1,0);
INSERT INTO stories VALUES(3,2,'Testing other','Lorem ipsum dolor sit amet, consectetur adipisicing elit, sed do eiusmod tempor incididunt ut labore et dolore magna aliqua. Ut enim ad minim veniam, quis nostrud exercitation ullamco laboris nisi ut aliquip ex ea commodo consequat. Duis aute irure dolor in reprehenderit in voluptate velit esse cillum dolore eu fugiat nulla pariatur. Excepteur sint occaecat cupidatat non proident, sunt in culpa qui officia deserunt mollit anim id est laborum.',-1,0);
CREATE TABLE story_user_estimations ( id integer primary key autoincrement, story_id integer, user_id integer, estimation_id integer, story_iteration integer);
CREATE TABLE task_team ( id integer primary key autoincrement, user_id integer, task_id integer );
INSERT INTO task_team VALUES(1,1,1);
INSERT INTO task_team VALUES(2,2,1);
INSERT INTO task_team VALUES(3,3,2);
INSERT INTO task_team VALUES(4,4,2);
CREATE TABLE tasks ( id integer primary key autoincrement, name text, description text, created_at datetime DEFAULT (datetime('now', 'localtime')), published_at datetime );
INSERT INTO tasks VALUES(1,'Planning poker','Implement planning poker','2013-04-13 21:50:00',NULL);
INSERT INTO tasks VALUES(2,'Planning poker','Implement planning poker','2013-04-13 21:50:00',NULL);
CREATE TABLE user_estimations ( id integer primary key autoincrement, user_id integer, story_id integer, estimation_id integer);
CREATE TABLE users ( id integer primary key autoincrement, name text);
INSERT INTO users VALUES(1,'Bengt');
INSERT INTO users VALUES(2,'Alex');
INSERT INTO users VALUES(3,'Anders');
INSERT INTO users VALUES(4,'Soheil');
CREATE TABLE users_worktable ( id integer primary key autoincrement, user_id integer, story_id integer, estimation_id integer);
COMMIT;
